
<!DOCTYPE mapper
    PUBLIC "-//mybatis.org//DTD Mapper 3.0//EN"
    "https://mybatis.org/dtd/mybatis-3-mapper.dtd">

<mapper namespace="com.lmpjt.pilotpjt.dao.UserDAO">

	<insert id="userJoin">
	  INSERT INTO userinfo (
	    userNumber, userId, userPw, userName, userTel,
	    userEmail, userBirth, userZipCode, userAddress, userDetailAddress
	  )
	  VALUES (
	    (SELECT NVL(MAX(userNumber), 0) + 1 FROM userinfo),
	    #{userId}, #{userPw}, #{userName}, #{userTel},
	    #{userEmail}, #{userBirth}, #{userZipCode}, #{userAddress}, #{userDetailAddress}
	  )
	</insert>

	<select id="userLogin"
		resultType="com.lmpjt.pilotpjt.dto.UserDTO">
		select userPw from userinfo where userId=#{userId}
	</select>
	<select id="getUserInfo"
		resultType="com.lmpjt.pilotpjt.dto.UserDTO">
		select userNumber, userId, userPw, userName, userTel, userEmail,
		userBirth, userZipCode, userAddress, userDetailAddress,
		userBorrow, userAdmin, userRegdate from
		userinfo where userId=#{userId}
	</select>
	
	<update id="updateUserInfo">
		update userinfo set userNumber=#{userNumber}, userId=#{userId}, userPw=#{userNewPw}, userName=#{userName}, userTel=#{userTel}
		, userEmail=#{userEmail}, userBirth=#{userBirth}, userZipCode=#{userZipCode}, userAddress=#{userAddress}, userDetailAddress=#{userDetailAddress} where
		userNumber=#{userNumber}
	</update>
	
	<select id="checkPw" resultType="com.lmpjt.pilotpjt.dto.UserDTO">
		select userPw from userinfo where userId=#{userId}
	</select>
	
	
	<select id="checkId" resultType="com.lmpjt.pilotpjt.dto.UserDTO">
		select userId from userinfo where userId=#{userId}
	</select>
</mapper>

