
<!DOCTYPE mapper
    PUBLIC "-//mybatis.org//DTD Mapper 3.0//EN"
    "https://mybatis.org/dtd/mybatis-3-mapper.dtd">

<mapper namespace="com.lmpjt.pilotpjt.dao.UserDAO">

	<!-- 회원가입 -->
	<insert id="userJoin">
		INSERT INTO userinfo (
		userNumber, userId, userPw, userName, userTel,
		userEmail, userBirth, userZipCode, userAddress, userDetailAddress
		)
		VALUES (
		(SELECT NVL(MAX(userNumber), 0) + 1 FROM userinfo),
		#{userId}, #{userPw}, #{userName}, #{userTel},
		#{userEmail}, #{userBirth}, #{userZipCode}, #{userAddress}, #{userDetailAddress}
		)
	</insert>

	<!-- 로그인 -->
	<select id="userLogin"
		resultType="com.lmpjt.pilotpjt.dto.UserDTO">
		select userPw from userinfo where userId=#{userId}
	</select>

	<!-- 유저 정보 가져오기 -->
	<select id="getUserInfo"
		resultType="com.lmpjt.pilotpjt.dto.UserDTO">
		select userNumber, userId, userPw, userName, userTel,
		userEmail,
		userBirth, userZipCode, userAddress, userDetailAddress,
		userBorrow, userAdmin, userRegdate from
		userinfo where userId=#{userId}
	</select>

	<!-- 유저 정보 수정 -->
	<update id="updateUserInfo"> update userinfo set userNumber=#{userNumber},
		userId=#{userId}, userName=#{userName}, userTel=#{userTel} ,
		userEmail=#{userEmail}, userZipCode=#{userZipCode},
		userAddress=#{userAddress}, userDetailAddress=#{userDetailAddress}
		where userNumber=#{userNumber} </update>

	<!-- 유저 비밀번호 수정 -->
	<update id="updateUserPwInfo"> update userinfo set userPw=#{userNewPw} where
		userNumber=#{userNumber} </update>
		
	<!-- 회원가입시 아이디 중복 체크 -->
	<select id="checkId" resultType="com.lmpjt.pilotpjt.dto.UserDTO">
		select userId from userinfo
		where userId=#{userId}
	</select>
</mapper>

